Model,Accuracy,Precision,Recall,F1-score,ROC-AUC
Logistic Regression,0.61835,0.16167087998073915,0.6674950298210736,0.2602965403624382,0.6791842894158289
Random Forest,0.73805,0.21668129938542582,0.6133200795228628,0.32022836382509406,0.6958919155734926
Logistic Regression + PCA,0.618,0.16202257987028584,0.6704771371769384,0.2609789127490811,0.6798677304640027
